field_1,field_2,field_3
Edogawa,139.882586225744234,35.642765598577270
Nakagawa,139.825332733100794,35.738577565858144
Arakawa,139.851038382859059,35.657663191050823
Sumidagawa,139.789403245370437,35.681324073214697
Tamagawa,139.716083721628024,35.539066670575110
Tsurumigawa,139.676648918021584,35.495250222123488
